{"sane": true, "normalizes": true, "range": true, "log_prob": -1060.1645515039563, "avg_log_prob": -2.1203291030079128, "perplexity": 8.333879741311431}